,rank,beta,relative error
0,1,0.001,0.27125071451366134
1,1,0.04179591836734694,0.26582010675205464
2,1,0.08259183673469388,0.2642603557021045
3,1,0.12338775510204081,0.2750031795641558
4,1,0.16418367346938775,0.2630704373017939
5,1,0.2049795918367347,0.2699789968279786
6,1,0.24577551020408162,0.26732020869188206
7,1,0.2865714285714286,0.26925030017151264
8,1,0.3273673469387755,0.2693419047267004
9,1,0.3681632653061224,0.2694002506205754
10,1,0.4089591836734694,0.26829542997691164
11,1,0.4497551020408163,0.2657504299196412
12,1,0.49055102040816323,0.2641821858443788
13,1,0.5313469387755102,0.2751732870601086
14,1,0.5721428571428572,0.27262703112470343
15,1,0.612938775510204,0.2694378479545503
16,1,0.653734693877551,0.27266734435161316
17,1,0.694530612244898,0.27286918905680946
18,1,0.7353265306122448,0.2730035550395124
19,1,0.7761224489795918,0.26448318021333445
20,1,0.8169183673469388,0.2725531847012568
21,1,0.8577142857142857,0.2736757016514821
22,1,0.8985102040816326,0.2683517017617528
23,1,0.9393061224489796,0.27479999960854273
24,1,0.9801020408163265,0.27294893504972745
25,1,1.0208979591836733,0.2725672312961426
26,1,1.0616938775510203,0.27176031539331574
27,1,1.1024897959183673,0.268225182743001
28,1,1.1432857142857142,0.2734820682677017
29,1,1.184081632653061,0.2725043289966988
30,1,1.224877551020408,0.2730812018638259
31,1,1.265673469387755,0.2756361885803412
32,1,1.306469387755102,0.27709227265198344
33,1,1.3472653061224489,0.2771984495959605
34,1,1.3880612244897959,0.27358318586298225
35,1,1.4288571428571428,0.27947158047788767
36,1,1.4696530612244896,0.2831408000510627
37,1,1.5104489795918365,0.2850380427737456
38,1,1.5512448979591835,0.28119205085498317
39,1,1.5920408163265305,0.29072171297730875
40,1,1.6328367346938775,0.29103681340682674
41,1,1.6736326530612244,0.29633575456486966
42,1,1.7144285714285712,0.29120246981644043
43,1,1.7552244897959182,0.29554092579108826
44,1,1.7960204081632651,0.30136269663784093
45,1,1.836816326530612,0.29734965375572886
46,1,1.877612244897959,0.30162725475667923
47,1,1.918408163265306,0.30619319114519633
48,1,1.9592040816326528,0.3106205376719978
49,1,2.0,0.31454812578296776
50,2,0.001,0.18054902894244013
51,2,0.04179591836734694,0.17828553540681777
52,2,0.08259183673469388,0.18401013954520518
53,2,0.12338775510204081,0.186459219885606
54,2,0.16418367346938775,0.18359559310386225
55,2,0.2049795918367347,0.18575817429375013
56,2,0.24577551020408162,0.18209647584406286
57,2,0.2865714285714286,0.17651253287979168
58,2,0.3273673469387755,0.18206856127698998
59,2,0.3681632653061224,0.1812292808858836
60,2,0.4089591836734694,0.18558829365563187
61,2,0.4497551020408163,0.18370922265404196
62,2,0.49055102040816323,0.17868044239904352
63,2,0.5313469387755102,0.1839281004124534
64,2,0.5721428571428572,0.1868863279322065
65,2,0.612938775510204,0.18166488063043007
66,2,0.653734693877551,0.18177567707598316
67,2,0.694530612244898,0.1793629772373277
68,2,0.7353265306122448,0.18282861953435056
69,2,0.7761224489795918,0.17449609857003065
70,2,0.8169183673469388,0.17747916981598547
71,2,0.8577142857142857,0.18063878398936756
72,2,0.8985102040816326,0.18100796491568868
73,2,0.9393061224489796,0.18722836753208863
74,2,0.9801020408163265,0.1877975021086214
75,2,1.0208979591836733,0.18172556178668967
76,2,1.0616938775510203,0.1872474720178841
77,2,1.1024897959183673,0.18112840034545458
78,2,1.1432857142857142,0.18325365698853974
79,2,1.184081632653061,0.18164662170141727
80,2,1.224877551020408,0.18996032133262683
81,2,1.265673469387755,0.18884382625886986
82,2,1.306469387755102,0.18735871135473423
83,2,1.3472653061224489,0.19294517639210884
84,2,1.3880612244897959,0.19609508815878057
85,2,1.4288571428571428,0.2000369846970628
86,2,1.4696530612244896,0.2025134792063142
87,2,1.5104489795918365,0.21275427842234002
88,2,1.5512448979591835,0.20979635002910607
89,2,1.5920408163265305,0.21501787519740562
90,2,1.6328367346938775,0.22041653187731783
91,2,1.6736326530612244,0.2171609253626019
92,2,1.7144285714285712,0.22674988402037094
93,2,1.7552244897959182,0.23122441971204372
94,2,1.7960204081632651,0.23842543812927725
95,2,1.836816326530612,0.23711203066232164
96,2,1.877612244897959,0.2391904238665799
97,2,1.918408163265306,0.24333532114400908
98,2,1.9592040816326528,0.24792310050611102
99,2,2.0,0.24945241993633913
100,3,0.001,0.12922355679625386
101,3,0.04179591836734694,0.13050608730962776
102,3,0.08259183673469388,0.13169618688657939
103,3,0.12338775510204081,0.12894573852506305
104,3,0.16418367346938775,0.13254165591283582
105,3,0.2049795918367347,0.12822446137135657
106,3,0.24577551020408162,0.13342336903027152
107,3,0.2865714285714286,0.13599706215029692
108,3,0.3273673469387755,0.13850339812049856
109,3,0.3681632653061224,0.12797555215022424
110,3,0.4089591836734694,0.1319580145712821
111,3,0.4497551020408163,0.12684950191770678
112,3,0.49055102040816323,0.12833387436540244
113,3,0.5313469387755102,0.13089862015487558
114,3,0.5721428571428572,0.1354135104722697
115,3,0.612938775510204,0.1301553870897459
116,3,0.653734693877551,0.1287381078530354
117,3,0.694530612244898,0.1301580089183935
118,3,0.7353265306122448,0.12767835394673682
119,3,0.7761224489795918,0.13329006921778402
120,3,0.8169183673469388,0.1320389544659034
121,3,0.8577142857142857,0.1291460239191476
122,3,0.8985102040816326,0.13301684268202124
123,3,0.9393061224489796,0.12646258130471158
124,3,0.9801020408163265,0.126680358411064
125,3,1.0208979591836733,0.13177268978316223
126,3,1.0616938775510203,0.1369550526616015
127,3,1.1024897959183673,0.1373911296357629
128,3,1.1432857142857142,0.13413690343114315
129,3,1.184081632653061,0.1332068766242611
130,3,1.224877551020408,0.14211679643436725
131,3,1.265673469387755,0.1451926983320398
132,3,1.306469387755102,0.14868717307726984
133,3,1.3472653061224489,0.15476042328821898
134,3,1.3880612244897959,0.15881448969918105
135,3,1.4288571428571428,0.15900534340409112
136,3,1.4696530612244896,0.16776051509669868
137,3,1.5104489795918365,0.17152952480266584
138,3,1.5512448979591835,0.17505134374394765
139,3,1.5920408163265305,0.18424800464701474
140,3,1.6328367346938775,0.1827010449489484
141,3,1.6736326530612244,0.19370305422959572
142,3,1.7144285714285712,0.19281955652228847
143,3,1.7552244897959182,0.1995330915178611
144,3,1.7960204081632651,0.1989984707119673
145,3,1.836816326530612,0.20944637326325433
146,3,1.877612244897959,0.21479914769202413
147,3,1.918408163265306,0.213617551065521
148,3,1.9592040816326528,0.22461429007617334
149,3,2.0,0.2299853951299619
150,4,0.001,0.018652373568659057
151,4,0.04179591836734694,0.01905201084954088
152,4,0.08259183673469388,0.018604501234890245
153,4,0.12338775510204081,0.019108031491577863
154,4,0.16418367346938775,0.0191488867378145
155,4,0.2049795918367347,0.01938552663592321
156,4,0.24577551020408162,0.018670518319528373
157,4,0.2865714285714286,0.01878185106684075
158,4,0.3273673469387755,0.0189386532735253
159,4,0.3681632653061224,0.018715303820733435
160,4,0.4089591836734694,0.01911977480061943
161,4,0.4497551020408163,0.018860334340423855
162,4,0.49055102040816323,0.018921713579027118
163,4,0.5313469387755102,0.018871124565905853
164,4,0.5721428571428572,0.018782169560229937
165,4,0.612938775510204,0.018917104839158864
166,4,0.653734693877551,0.018821540985346084
167,4,0.694530612244898,0.01897162966789563
168,4,0.7353265306122448,0.018836030392843983
169,4,0.7761224489795918,0.018744150513889446
170,4,0.8169183673469388,0.018691533187724572
171,4,0.8577142857142857,0.018935224562414484
172,4,0.8985102040816326,0.0193373319100494
173,4,0.9393061224489796,0.018608264310724744
174,4,0.9801020408163265,0.01864139214200336
175,4,1.0208979591836733,0.019641349576031242
176,4,1.0616938775510203,0.02500389840154126
177,4,1.1024897959183673,0.03359518773889135
178,4,1.1432857142857142,0.04181155216705482
179,4,1.184081632653061,0.05489516672422432
180,4,1.224877551020408,0.06347729354385585
181,4,1.265673469387755,0.07415089155577928
182,4,1.306469387755102,0.08314210355184048
183,4,1.3472653061224489,0.09256143403075434
184,4,1.3880612244897959,0.10202141256449579
185,4,1.4288571428571428,0.11221764058862496
186,4,1.4696530612244896,0.12180823308954747
187,4,1.5104489795918365,0.1278282708981054
188,4,1.5512448979591835,0.1379347045725532
189,4,1.5920408163265305,0.14157405811979795
190,4,1.6328367346938775,0.14911133795082765
191,4,1.6736326530612244,0.15864731335073015
192,4,1.7144285714285712,0.15984216235135312
193,4,1.7552244897959182,0.1722461789612689
194,4,1.7960204081632651,0.1763272593581547
195,4,1.836816326530612,0.18503783580369645
196,4,1.877612244897959,0.18769143269190378
197,4,1.918408163265306,0.1982032403139007
198,4,1.9592040816326528,0.2079313208630515
199,4,2.0,0.21320823761774643
200,5,0.001,0.019438439166802917
201,5,0.04179591836734694,0.019974997689385123
202,5,0.08259183673469388,0.020065580627625746
203,5,0.12338775510204081,0.019906616847076685
204,5,0.16418367346938775,0.019508450243428437
205,5,0.2049795918367347,0.019767524373042772
206,5,0.24577551020408162,0.01945116936824251
207,5,0.2865714285714286,0.019592755569365038
208,5,0.3273673469387755,0.019521213843364433
209,5,0.3681632653061224,0.019589427950610472
210,5,0.4089591836734694,0.01967436831497707
211,5,0.4497551020408163,0.019988751072184927
212,5,0.49055102040816323,0.01958428000815741
213,5,0.5313469387755102,0.019495378078668447
214,5,0.5721428571428572,0.01883174046629294
215,5,0.612938775510204,0.01946722461120242
216,5,0.653734693877551,0.01950484682357479
217,5,0.694530612244898,0.019320745791755654
218,5,0.7353265306122448,0.019428205799936676
219,5,0.7761224489795918,0.01938688342351527
220,5,0.8169183673469388,0.019197884786514092
221,5,0.8577142857142857,0.019643830756793802
222,5,0.8985102040816326,0.01950516647809889
223,5,0.9393061224489796,0.019553229032720117
224,5,0.9801020408163265,0.01951941998985551
225,5,1.0208979591836733,0.020332917289309273
226,5,1.0616938775510203,0.028905064929464274
227,5,1.1024897959183673,0.0394404640090298
228,5,1.1432857142857142,0.05494423915651905
229,5,1.184081632653061,0.06910902439138966
230,5,1.224877551020408,0.08629717859765114
231,5,1.265673469387755,0.09529969212538533
232,5,1.306469387755102,0.10665932849425866
233,5,1.3472653061224489,0.11691050523056146
234,5,1.3880612244897959,0.13117206273317125
235,5,1.4288571428571428,0.14286562620354032
236,5,1.4696530612244896,0.1559989905898655
237,5,1.5104489795918365,0.16040748135138558
238,5,1.5512448979591835,0.1810578307567083
239,5,1.5920408163265305,0.17714146704363837
240,5,1.6328367346938775,0.1843630506945903
241,5,1.6736326530612244,0.19219128988261625
242,5,1.7144285714285712,0.2026773986394367
243,5,1.7552244897959182,0.20329258745785667
244,5,1.7960204081632651,0.21501223804774675
245,5,1.836816326530612,0.217025128193547
246,5,1.877612244897959,0.22201630938325842
247,5,1.918408163265306,0.23256287299738423
248,5,1.9592040816326528,0.23927936701649774
249,5,2.0,0.24615303936907518
250,6,0.001,0.02061636870876428
251,6,0.04179591836734694,0.020142048366683065
252,6,0.08259183673469388,0.019937310624524605
253,6,0.12338775510204081,0.02084523814597654
254,6,0.16418367346938775,0.02013539032432908
255,6,0.2049795918367347,0.02018419458719317
256,6,0.24577551020408162,0.01975625702628693
257,6,0.2865714285714286,0.01998833604675776
258,6,0.3273673469387755,0.020240033275609297
259,6,0.3681632653061224,0.02010938402528707
260,6,0.4089591836734694,0.019992256567998655
261,6,0.4497551020408163,0.0206707895132327
262,6,0.49055102040816323,0.0198238141621529
263,6,0.5313469387755102,0.02006809723525765
264,6,0.5721428571428572,0.01988923284096774
265,6,0.612938775510204,0.02014761325040459
266,6,0.653734693877551,0.019645797750765123
267,6,0.694530612244898,0.02031355641799946
268,6,0.7353265306122448,0.019987926650120457
269,6,0.7761224489795918,0.020119687144521847
270,6,0.8169183673469388,0.019994900207207372
271,6,0.8577142857142857,0.019834865876213487
272,6,0.8985102040816326,0.02044495583374
273,6,0.9393061224489796,0.020293505633140897
274,6,0.9801020408163265,0.01985477768228431
275,6,1.0208979591836733,0.022489685077781464
276,6,1.0616938775510203,0.03363672325441851
277,6,1.1024897959183673,0.04708317621731963
278,6,1.1432857142857142,0.06338154547378885
279,6,1.184081632653061,0.0777229425271858
280,6,1.224877551020408,0.09604963975525195
281,6,1.265673469387755,0.11099019252209719
282,6,1.306469387755102,0.12347846458719161
283,6,1.3472653061224489,0.13585492873120103
284,6,1.3880612244897959,0.15039937225355152
285,6,1.4288571428571428,0.1610538694071908
286,6,1.4696530612244896,0.1827664269013412
287,6,1.5104489795918365,0.17976020116660343
288,6,1.5512448979591835,0.19059980275250737
289,6,1.5920408163265305,0.20893330945467797
290,6,1.6328367346938775,0.21308041060577323
291,6,1.6736326530612244,0.2190755147848004
292,6,1.7144285714285712,0.23294632457818482
293,6,1.7552244897959182,0.23184781566262652
294,6,1.7960204081632651,0.2406294268420921
295,6,1.836816326530612,0.240940878049169
296,6,1.877612244897959,0.25706063361967246
297,6,1.918408163265306,0.2535801897171358
298,6,1.9592040816326528,0.2711459473718369
299,6,2.0,0.2740891119916926
300,7,0.001,0.02079286700946314
301,7,0.04179591836734694,0.030253306432959683
302,7,0.08259183673469388,0.020763570753894012
303,7,0.12338775510204081,0.02091024163739054
304,7,0.16418367346938775,0.020723218989677678
305,7,0.2049795918367347,0.020808773019931042
306,7,0.24577551020408162,0.0208393662732883
307,7,0.2865714285714286,0.020671745078100566
308,7,0.3273673469387755,0.020267466854512008
309,7,0.3681632653061224,0.020742035724321834
310,7,0.4089591836734694,0.020906636810115516
311,7,0.4497551020408163,0.020495524084237958
312,7,0.49055102040816323,0.02086995789434739
313,7,0.5313469387755102,0.020557668331351215
314,7,0.5721428571428572,0.020738198948919505
315,7,0.612938775510204,0.020898117548020716
316,7,0.653734693877551,0.020446235634719503
317,7,0.694530612244898,0.020666622228284474
318,7,0.7353265306122448,0.02096506666629615
319,7,0.7761224489795918,0.020325179120471975
320,7,0.8169183673469388,0.02070568057437421
321,7,0.8577142857142857,0.02037446595792147
322,7,0.8985102040816326,0.020539325324772244
323,7,0.9393061224489796,0.020768217840906177
324,7,0.9801020408163265,0.02094229670559819
325,7,1.0208979591836733,0.02347843266279411
326,7,1.0616938775510203,0.033766635245580594
327,7,1.1024897959183673,0.053022289682930435
328,7,1.1432857142857142,0.07307653873270521
329,7,1.184081632653061,0.09316484553427344
330,7,1.224877551020408,0.10813295221338297
331,7,1.265673469387755,0.12542489914308
332,7,1.306469387755102,0.13980318730121424
333,7,1.3472653061224489,0.15801218978312706
334,7,1.3880612244897959,0.17245591923576242
335,7,1.4288571428571428,0.194457375976074
336,7,1.4696530612244896,0.19714746301475533
337,7,1.5104489795918365,0.2062999629930593
338,7,1.5512448979591835,0.2337159981265328
339,7,1.5920408163265305,0.24209963717392674
340,7,1.6328367346938775,0.23471123833158555
341,7,1.6736326530612244,0.22484424236274023
342,7,1.7144285714285712,0.25141289399661826
343,7,1.7552244897959182,0.2760447553156492
344,7,1.7960204081632651,0.2668882824652695
345,7,1.836816326530612,0.2812855874414848
346,7,1.877612244897959,0.30424569878000707
347,7,1.918408163265306,0.2905832067488765
348,7,1.9592040816326528,0.3177892002151454
349,7,2.0,0.2999486937821638
350,8,0.001,0.021199274446397003
351,8,0.04179591836734694,0.021741377108519526
352,8,0.08259183673469388,0.021391233129046866
353,8,0.12338775510204081,0.021604853642542263
354,8,0.16418367346938775,0.021524501824761934
355,8,0.2049795918367347,0.024335510194813018
356,8,0.24577551020408162,0.024732412026248676
357,8,0.2865714285714286,0.02141677028889679
358,8,0.3273673469387755,0.021832269968395636
359,8,0.3681632653061224,0.02112660954298958
360,8,0.4089591836734694,0.02113939444107163
361,8,0.4497551020408163,0.021471527441894817
362,8,0.49055102040816323,0.02151179011796427
363,8,0.5313469387755102,0.020982187733683894
364,8,0.5721428571428572,0.021445162032464795
365,8,0.612938775510204,0.020922150368885065
366,8,0.653734693877551,0.021394606165316025
367,8,0.694530612244898,0.021307618943740152
368,8,0.7353265306122448,0.021349647605135767
369,8,0.7761224489795918,0.02125221256478169
370,8,0.8169183673469388,0.021304804986524033
371,8,0.8577142857142857,0.021319757403229927
372,8,0.8985102040816326,0.021578225650799598
373,8,0.9393061224489796,0.02169053910694152
374,8,0.9801020408163265,0.021947442554333955
375,8,1.0208979591836733,0.02538424354981037
376,8,1.0616938775510203,0.039431928502050725
377,8,1.1024897959183673,0.05904336843336111
378,8,1.1432857142857142,0.08084601789720364
379,8,1.184081632653061,0.10024999398102352
380,8,1.224877551020408,0.12610706846818823
381,8,1.265673469387755,0.14607147237345994
382,8,1.306469387755102,0.16711171562353042
383,8,1.3472653061224489,0.18099832790166373
384,8,1.3880612244897959,0.18994994005832
385,8,1.4288571428571428,0.2022843003890388
386,8,1.4696530612244896,0.21769644652414516
387,8,1.5104489795918365,0.22513447907330125
388,8,1.5512448979591835,0.2346955927854681
389,8,1.5920408163265305,0.259133279564119
390,8,1.6328367346938775,0.26070007265733786
391,8,1.6736326530612244,0.27017179800349184
392,8,1.7144285714285712,0.28054570653068756
393,8,1.7552244897959182,0.2801634862782568
394,8,1.7960204081632651,0.30385257230388013
395,8,1.836816326530612,0.3121777373828626
396,8,1.877612244897959,0.31088097578790985
397,8,1.918408163265306,0.2923864602481284
398,8,1.9592040816326528,0.30910095167929763
399,8,2.0,0.3097824796430169
400,9,0.001,0.0225453502939147
401,9,0.04179591836734694,0.022828235148627644
402,9,0.08259183673469388,0.02263534123542389
403,9,0.12338775510204081,0.022051680371907134
404,9,0.16418367346938775,0.022583187278305987
405,9,0.2049795918367347,0.022643445109768193
406,9,0.24577551020408162,0.022334989979829176
407,9,0.2865714285714286,0.02185332996061931
408,9,0.3273673469387755,0.022881336029728187
409,9,0.3681632653061224,0.022186561010485856
410,9,0.4089591836734694,0.02165349121964293
411,9,0.4497551020408163,0.02256193564720738
412,9,0.49055102040816323,0.022491161557803264
413,9,0.5313469387755102,0.022289122333283243
414,9,0.5721428571428572,0.022903660877342105
415,9,0.612938775510204,0.022300605006764788
416,9,0.653734693877551,0.02243026595807878
417,9,0.694530612244898,0.022443114129959314
418,9,0.7353265306122448,0.022544149171155554
419,9,0.7761224489795918,0.022451528578941234
420,9,0.8169183673469388,0.02177229956040975
421,9,0.8577142857142857,0.02268498121640196
422,9,0.8985102040816326,0.02187535131844585
423,9,0.9393061224489796,0.02222818273504056
424,9,0.9801020408163265,0.02303053066235921
425,9,1.0208979591836733,0.026743725391350198
426,9,1.0616938775510203,0.04317077576158086
427,9,1.1024897959183673,0.06635619560106612
428,9,1.1432857142857142,0.09108247375368071
429,9,1.184081632653061,0.11398315232825965
430,9,1.224877551020408,0.1373741868251807
431,9,1.265673469387755,0.15723325556665413
432,9,1.306469387755102,0.17008521699225415
433,9,1.3472653061224489,0.19431112638502548
434,9,1.3880612244897959,0.20605917389883413
435,9,1.4288571428571428,0.21885658645483805
436,9,1.4696530612244896,0.23988624830300959
437,9,1.5104489795918365,0.2511186896112046
438,9,1.5512448979591835,0.2522206264965693
439,9,1.5920408163265305,0.27624603180852053
440,9,1.6328367346938775,0.27264727293602536
441,9,1.6736326530612244,0.28524688423305616
442,9,1.7144285714285712,0.3018957974402975
443,9,1.7552244897959182,0.31342855293691924
444,9,1.7960204081632651,0.3128736799356083
445,9,1.836816326530612,0.3224409547007444
446,9,1.877612244897959,0.32497897014290045
447,9,1.918408163265306,0.3303820234754292
448,9,1.9592040816326528,0.331680418384496
449,9,2.0,0.3328230780648357
450,10,0.001,0.024156056766918878
451,10,0.04179591836734694,0.02342384709991843
452,10,0.08259183673469388,0.023067200981724302
453,10,0.12338775510204081,0.023688949573262386
454,10,0.16418367346938775,0.023196451212736356
455,10,0.2049795918367347,0.023054713666099732
456,10,0.24577551020408162,0.0233871778030728
457,10,0.2865714285714286,0.02638845669789227
458,10,0.3273673469387755,0.02290041887917368
459,10,0.3681632653061224,0.02374848184139796
460,10,0.4089591836734694,0.023021925250549035
461,10,0.4497551020408163,0.022931968851993088
462,10,0.49055102040816323,0.02390495308789827
463,10,0.5313469387755102,0.022887931621972717
464,10,0.5721428571428572,0.0232533971552226
465,10,0.612938775510204,0.0236555501735447
466,10,0.653734693877551,0.022903288694296337
467,10,0.694530612244898,0.022464344870309037
468,10,0.7353265306122448,0.02265699712946239
469,10,0.7761224489795918,0.022264299489577966
470,10,0.8169183673469388,0.02407350578141751
471,10,0.8577142857142857,0.0238943315403193
472,10,0.8985102040816326,0.023706941030573376
473,10,0.9393061224489796,0.02383404593823931
474,10,0.9801020408163265,0.023384352205023294
475,10,1.0208979591836733,0.0285016993321535
476,10,1.0616938775510203,0.04566195808954184
477,10,1.1024897959183673,0.06799006573771452
478,10,1.1432857142857142,0.09310092637493014
479,10,1.184081632653061,0.11850776884633682
480,10,1.224877551020408,0.1410872958203932
481,10,1.265673469387755,0.15806697806127828
482,10,1.306469387755102,0.17799312283947957
483,10,1.3472653061224489,0.2047126560481038
484,10,1.3880612244897959,0.21540567769832486
485,10,1.4288571428571428,0.23356520804228476
486,10,1.4696530612244896,0.24943683726267105
487,10,1.5104489795918365,0.26209380816982575
488,10,1.5512448979591835,0.2648351126126364
489,10,1.5920408163265305,0.2723200522567561
490,10,1.6328367346938775,0.295094725918435
491,10,1.6736326530612244,0.29870099396420263
492,10,1.7144285714285712,0.30536169674132047
493,10,1.7552244897959182,0.3144378719248267
494,10,1.7960204081632651,0.3276155780331126
495,10,1.836816326530612,0.3203355156353629
496,10,1.877612244897959,0.3312825233045582
497,10,1.918408163265306,0.3394274337706224
498,10,1.9592040816326528,0.35308685512625215
499,10,2.0,0.34078607478203693
500,11,0.001,0.025085705776399524
501,11,0.04179591836734694,0.02422853452771876
502,11,0.08259183673469388,0.024663742144328853
503,11,0.12338775510204081,0.0248740233005419
504,11,0.16418367346938775,0.026187241251791053
505,11,0.2049795918367347,0.023649867380934504
506,11,0.24577551020408162,0.024575339060055053
507,11,0.2865714285714286,0.02511646637431763
508,11,0.3273673469387755,0.024516589653633108
509,11,0.3681632653061224,0.025839948578793858
510,11,0.4089591836734694,0.025608789745616728
511,11,0.4497551020408163,0.023353690323613292
512,11,0.49055102040816323,0.02434814927882343
513,11,0.5313469387755102,0.0234322242716148
514,11,0.5721428571428572,0.024134560640127964
515,11,0.612938775510204,0.023709257874131372
516,11,0.653734693877551,0.023811688872127274
517,11,0.694530612244898,0.02467527896976623
518,11,0.7353265306122448,0.02360418659174383
519,11,0.7761224489795918,0.02469064378130864
520,11,0.8169183673469388,0.025917310744436345
521,11,0.8577142857142857,0.023898604404775026
522,11,0.8985102040816326,0.025104294249498525
523,11,0.9393061224489796,0.02402908486568454
524,11,0.9801020408163265,0.02589290758960951
525,11,1.0208979591836733,0.03111801971007494
526,11,1.0616938775510203,0.049434749922501076
527,11,1.1024897959183673,0.07544134282904036
528,11,1.1432857142857142,0.09441810744201708
529,11,1.184081632653061,0.12666649019749027
530,11,1.224877551020408,0.1493755641081894
531,11,1.265673469387755,0.16227651461566062
532,11,1.306469387755102,0.19233210997490519
533,11,1.3472653061224489,0.19890362673755901
534,11,1.3880612244897959,0.21940666890820407
535,11,1.4288571428571428,0.23366446115492928
536,11,1.4696530612244896,0.24808552759324748
537,11,1.5104489795918365,0.25090367751538317
538,11,1.5512448979591835,0.2722929121076179
539,11,1.5920408163265305,0.29171023758189774
540,11,1.6328367346938775,0.29688384832968395
541,11,1.6736326530612244,0.3028950396184201
542,11,1.7144285714285712,0.31932821010146123
543,11,1.7552244897959182,0.32022847677992883
544,11,1.7960204081632651,0.3249334393883542
545,11,1.836816326530612,0.3276210491915708
546,11,1.877612244897959,0.33915840319154705
547,11,1.918408163265306,0.34606908114047563
548,11,1.9592040816326528,0.35516518062860386
549,11,2.0,0.3591253560715429
550,12,0.001,0.02571707582032179
551,12,0.04179591836734694,0.025175784688704027
552,12,0.08259183673469388,0.026426060152556413
553,12,0.12338775510204081,0.025468871810118615
554,12,0.16418367346938775,0.028401426853145458
555,12,0.2049795918367347,0.02454951655658673
556,12,0.24577551020408162,0.025373460960425438
557,12,0.2865714285714286,0.025458556729379328
558,12,0.3273673469387755,0.025148474740765973
559,12,0.3681632653061224,0.025659541465315967
560,12,0.4089591836734694,0.02536209208572086
561,12,0.4497551020408163,0.024143461379262546
562,12,0.49055102040816323,0.028803946017435987
563,12,0.5313469387755102,0.02622621109547879
564,12,0.5721428571428572,0.024711980801180228
565,12,0.612938775510204,0.02358465797571021
566,12,0.653734693877551,0.024271683108845293
567,12,0.694530612244898,0.025354905680963748
568,12,0.7353265306122448,0.0243407388820056
569,12,0.7761224489795918,0.024263007732892854
570,12,0.8169183673469388,0.02448428174687694
571,12,0.8577142857142857,0.025474203242038758
572,12,0.8985102040816326,0.02509939307061883
573,12,0.9393061224489796,0.026649190793081163
574,12,0.9801020408163265,0.027792054197761186
575,12,1.0208979591836733,0.03318984407770603
576,12,1.0616938775510203,0.050255240647170255
577,12,1.1024897959183673,0.07479700365459085
578,12,1.1432857142857142,0.10511948991333002
579,12,1.184081632653061,0.12479227090515359
580,12,1.224877551020408,0.15179310559371303
581,12,1.265673469387755,0.1686891098112158
582,12,1.306469387755102,0.19008959045219584
583,12,1.3472653061224489,0.2034835011786214
584,12,1.3880612244897959,0.22724132891385523
585,12,1.4288571428571428,0.22966056703047313
586,12,1.4696530612244896,0.24543843025377482
587,12,1.5104489795918365,0.2631187409147386
588,12,1.5512448979591835,0.27356638588090887
589,12,1.5920408163265305,0.28372738355461624
590,12,1.6328367346938775,0.29923567998644374
591,12,1.6736326530612244,0.3031717283392802
592,12,1.7144285714285712,0.30812311877784293
593,12,1.7552244897959182,0.3174927735642317
594,12,1.7960204081632651,0.33053638227212356
595,12,1.836816326530612,0.32781204156804594
596,12,1.877612244897959,0.34118084938829873
597,12,1.918408163265306,0.3455523322753098
598,12,1.9592040816326528,0.3572392813447659
599,12,2.0,0.3646358100361994
600,13,0.001,0.028100810614673545
601,13,0.04179591836734694,0.026963095860143706
602,13,0.08259183673469388,0.028370107069734484
603,13,0.12338775510204081,0.025979371247501326
604,13,0.16418367346938775,0.02687957330163405
605,13,0.2049795918367347,0.02620121725765722
606,13,0.24577551020408162,0.02778668004389131
607,13,0.2865714285714286,0.026193217900786114
608,13,0.3273673469387755,0.026040006499526803
609,13,0.3681632653061224,0.02572330645360117
610,13,0.4089591836734694,0.025778018775480326
611,13,0.4497551020408163,0.027069459319982187
612,13,0.49055102040816323,0.025836450883531915
613,13,0.5313469387755102,0.026465740129607968
614,13,0.5721428571428572,0.02587946659769067
615,13,0.612938775510204,0.02675623047926521
616,13,0.653734693877551,0.02681807574461078
617,13,0.694530612244898,0.026189878300245762
618,13,0.7353265306122448,0.025975920623361303
619,13,0.7761224489795918,0.025309100690763232
620,13,0.8169183673469388,0.026732363884081334
621,13,0.8577142857142857,0.02540283340894277
622,13,0.8985102040816326,0.02683475274585667
623,13,0.9393061224489796,0.02801311989074744
624,13,0.9801020408163265,0.031267549851422535
625,13,1.0208979591836733,0.03232297077266923
626,13,1.0616938775510203,0.052596487436205284
627,13,1.1024897959183673,0.07907894682142459
628,13,1.1432857142857142,0.10574125048351213
629,13,1.184081632653061,0.12731477255290707
630,13,1.224877551020408,0.14531452165717249
631,13,1.265673469387755,0.16770020245823938
632,13,1.306469387755102,0.18883794688529212
633,13,1.3472653061224489,0.21610267791056298
634,13,1.3880612244897959,0.2253328245411582
635,13,1.4288571428571428,0.23967412826288187
636,13,1.4696530612244896,0.2600151417311635
637,13,1.5104489795918365,0.26431237595676743
638,13,1.5512448979591835,0.27572853966231403
639,13,1.5920408163265305,0.2869132764121596
640,13,1.6328367346938775,0.2997725743663421
641,13,1.6736326530612244,0.30045871069239166
642,13,1.7144285714285712,0.3145578041303735
643,13,1.7552244897959182,0.31617771914362086
644,13,1.7960204081632651,0.3279123187789839
645,13,1.836816326530612,0.33317487548304137
646,13,1.877612244897959,0.34067773968961124
647,13,1.918408163265306,0.34781990880525654
648,13,1.9592040816326528,0.35879030553986724
649,13,2.0,0.36574286099183084
650,14,0.001,0.03203498712597119
651,14,0.04179591836734694,0.029900442144991945
652,14,0.08259183673469388,0.030411162846887347
653,14,0.12338775510204081,0.027836188392215765
654,14,0.16418367346938775,0.02900028214848375
655,14,0.2049795918367347,0.03185913489546725
656,14,0.24577551020408162,0.027817552012000195
657,14,0.2865714285714286,0.02772013013227877
658,14,0.3273673469387755,0.02871517074508157
659,14,0.3681632653061224,0.026799913749719885
660,14,0.4089591836734694,0.031016984646363467
661,14,0.4497551020408163,0.026971115060127476
662,14,0.49055102040816323,0.02769754914246237
663,14,0.5313469387755102,0.026062576281038842
664,14,0.5721428571428572,0.026715072368026706
665,14,0.612938775510204,0.026584787506854966
666,14,0.653734693877551,0.025623227010963777
667,14,0.694530612244898,0.025837653457066744
668,14,0.7353265306122448,0.02868650583241088
669,14,0.7761224489795918,0.026394715605563734
670,14,0.8169183673469388,0.027891482124961238
671,14,0.8577142857142857,0.026711927165362685
672,14,0.8985102040816326,0.02682433156696345
673,14,0.9393061224489796,0.02686671483976182
674,14,0.9801020408163265,0.03059014740056415
675,14,1.0208979591836733,0.036788646009509915
676,14,1.0616938775510203,0.05188823299231536
677,14,1.1024897959183673,0.07668598020314125
678,14,1.1432857142857142,0.10538644933396313
679,14,1.184081632653061,0.1323259924392383
680,14,1.224877551020408,0.15650163329534159
681,14,1.265673469387755,0.1758116103119644
682,14,1.306469387755102,0.19462719964297243
683,14,1.3472653061224489,0.21577412011480326
684,14,1.3880612244897959,0.23339628157969697
685,14,1.4288571428571428,0.2407179576058674
686,14,1.4696530612244896,0.25047663076087046
687,14,1.5104489795918365,0.26733272560806814
688,14,1.5512448979591835,0.2743068914907823
689,14,1.5920408163265305,0.28706828843981896
690,14,1.6328367346938775,0.2987755849776601
691,14,1.6736326530612244,0.30790751414458156
692,14,1.7144285714285712,0.3153320312690278
693,14,1.7552244897959182,0.3236627662765984
694,14,1.7960204081632651,0.32967538995654727
695,14,1.836816326530612,0.33075622076569483
696,14,1.877612244897959,0.3433371227422456
697,14,1.918408163265306,0.3450855742359848
698,14,1.9592040816326528,0.3560894998903512
699,14,2.0,0.3575668902700154
700,15,0.001,0.03024198420361892
701,15,0.04179591836734694,0.03319145923497798
702,15,0.08259183673469388,0.031470630707677874
703,15,0.12338775510204081,0.029677833037947264
704,15,0.16418367346938775,0.03066976346369856
705,15,0.2049795918367347,0.028965098436399973
706,15,0.24577551020408162,0.028449624022982706
707,15,0.2865714285714286,0.027883161628909026
708,15,0.3273673469387755,0.02911233790678714
709,15,0.3681632653061224,0.02956784367384585
710,15,0.4089591836734694,0.02950384010910278
711,15,0.4497551020408163,0.02853323933840458
712,15,0.49055102040816323,0.029282053787030797
713,15,0.5313469387755102,0.029229546566707544
714,15,0.5721428571428572,0.027391908586801
715,15,0.612938775510204,0.029783575740801364
716,15,0.653734693877551,0.030535640148621916
717,15,0.694530612244898,0.02800820039012152
718,15,0.7353265306122448,0.027844272816314936
719,15,0.7761224489795918,0.027859637296945267
720,15,0.8169183673469388,0.028061695503817503
721,15,0.8577142857142857,0.028682500028955192
722,15,0.8985102040816326,0.027974361015780526
723,15,0.9393061224489796,0.029148735678396848
724,15,0.9801020408163265,0.03289457254512947
725,15,1.0208979591836733,0.036958622935898786
726,15,1.0616938775510203,0.05576147838489608
727,15,1.1024897959183673,0.07977972694367097
728,15,1.1432857142857142,0.10541876291619776
729,15,1.184081632653061,0.1273850333443045
730,15,1.224877551020408,0.15332752713239853
731,15,1.265673469387755,0.17470067627298635
732,15,1.306469387755102,0.196543903664007
733,15,1.3472653061224489,0.20581672128881778
734,15,1.3880612244897959,0.23069995136229057
735,15,1.4288571428571428,0.24106060305606972
736,15,1.4696530612244896,0.252914524537673
737,15,1.5104489795918365,0.26770303827215575
738,15,1.5512448979591835,0.2802601278332712
739,15,1.5920408163265305,0.28169313964462284
740,15,1.6328367346938775,0.2939809613911846
741,15,1.6736326530612244,0.30747048812418737
742,15,1.7144285714285712,0.3132767449797348
743,15,1.7552244897959182,0.31700208684764
744,15,1.7960204081632651,0.3348057294464767
745,15,1.836816326530612,0.34013642982044995
746,15,1.877612244897959,0.3388696390988929
747,15,1.918408163265306,0.35599215743201
748,15,1.9592040816326528,0.3525814836959394
749,15,2.0,0.35809927854850454
750,16,0.001,0.03505564028636957
751,16,0.04179591836734694,0.031685578563256114
752,16,0.08259183673469388,0.0315179798103135
753,16,0.12338775510204081,0.0303318390691358
754,16,0.16418367346938775,0.031342659345600515
755,16,0.2049795918367347,0.029914393028176722
756,16,0.24577551020408162,0.03139267016031647
757,16,0.2865714285714286,0.029879179462835415
758,16,0.3273673469387755,0.031368338149722494
759,16,0.3681632653061224,0.02961190306117764
760,16,0.4089591836734694,0.030463749828371366
761,16,0.4497551020408163,0.029739402532125214
762,16,0.49055102040816323,0.028486253663807935
763,16,0.5313469387755102,0.029065148020654998
764,16,0.5721428571428572,0.028154374248825876
765,16,0.612938775510204,0.03304649749539188
766,16,0.653734693877551,0.027702797870457263
767,16,0.694530612244898,0.03045397817775495
768,16,0.7353265306122448,0.030135310343386894
769,16,0.7761224489795918,0.029782471241284098
770,16,0.8169183673469388,0.02972425712211073
771,16,0.8577142857142857,0.0319867886660336
772,16,0.8985102040816326,0.03087311346727738
773,16,0.9393061224489796,0.030251266524402416
774,16,0.9801020408163265,0.032627627773329795
775,16,1.0208979591836733,0.03729670870343922
776,16,1.0616938775510203,0.056069767640528054
777,16,1.1024897959183673,0.08263398524554359
778,16,1.1432857142857142,0.10719020722434017
779,16,1.184081632653061,0.13085987131461393
780,16,1.224877551020408,0.15017961721676695
781,16,1.265673469387755,0.17545996246127507
782,16,1.306469387755102,0.19468190669859162
783,16,1.3472653061224489,0.21070266332066487
784,16,1.3880612244897959,0.22626142567776464
785,16,1.4288571428571428,0.24377458527093596
786,16,1.4696530612244896,0.2527757191340646
787,16,1.5104489795918365,0.2672336352692152
788,16,1.5512448979591835,0.27746837585131995
789,16,1.5920408163265305,0.28903656943379613
790,16,1.6328367346938775,0.2928753739078724
791,16,1.6736326530612244,0.3062593937507728
792,16,1.7144285714285712,0.31347229107835295
793,16,1.7552244897959182,0.326237883646077
794,16,1.7960204081632651,0.32836661303390763
795,16,1.836816326530612,0.331680495366619
796,16,1.877612244897959,0.34216455145727653
797,16,1.918408163265306,0.3503649604028046
798,16,1.9592040816326528,0.34824935149781494
799,16,2.0,0.3618264992068868
800,17,0.001,0.03573468965461832
801,17,0.04179591836734694,0.03696731655895905
802,17,0.08259183673469388,0.03221450759922054
803,17,0.12338775510204081,0.03803413859210606
804,17,0.16418367346938775,0.03328416625844128
805,17,0.2049795918367347,0.031773654902611456
806,17,0.24577551020408162,0.03153660385958999
807,17,0.2865714285714286,0.03210393216603835
808,17,0.3273673469387755,0.031160161235216366
809,17,0.3681632653061224,0.03083483239949323
810,17,0.4089591836734694,0.032453177938557023
811,17,0.4497551020408163,0.03133549914136324
812,17,0.49055102040816323,0.03052999749451779
813,17,0.5313469387755102,0.03123844126784168
814,17,0.5721428571428572,0.02906018440060738
815,17,0.612938775510204,0.028889811301156854
816,17,0.653734693877551,0.028601880201520102
817,17,0.694530612244898,0.030637494951322102
818,17,0.7353265306122448,0.02871278927859495
819,17,0.7761224489795918,0.030328186883422936
820,17,0.8169183673469388,0.029701369141869473
821,17,0.8577142857142857,0.030952239895980553
822,17,0.8985102040816326,0.03147149261935629
823,17,0.9393061224489796,0.030767962765510963
824,17,0.9801020408163265,0.03105105707439067
825,17,1.0208979591836733,0.03769279505451088
826,17,1.0616938775510203,0.061630148730380765
827,17,1.1024897959183673,0.08280867474927438
828,17,1.1432857142857142,0.10379200414677756
829,17,1.184081632653061,0.1312671745169285
830,17,1.224877551020408,0.1541383693884555
831,17,1.265673469387755,0.17467794449785873
832,17,1.306469387755102,0.199516899621626
833,17,1.3472653061224489,0.20696875618945249
834,17,1.3880612244897959,0.22937944619139067
835,17,1.4288571428571428,0.2445470310922911
836,17,1.4696530612244896,0.25735011297848515
837,17,1.5104489795918365,0.2627832823628348
838,17,1.5512448979591835,0.27462618441721987
839,17,1.5920408163265305,0.28803582483944157
840,17,1.6328367346938775,0.2989931926534427
841,17,1.6736326530612244,0.29952296013778346
842,17,1.7144285714285712,0.31332849800479956
843,17,1.7552244897959182,0.3188333705228235
844,17,1.7960204081632651,0.3284711337184458
845,17,1.836816326530612,0.33273682392046794
846,17,1.877612244897959,0.3438141973952581
847,17,1.918408163265306,0.34876320512157655
848,17,1.9592040816326528,0.3488827407025671
849,17,2.0,0.3648433886336725
850,18,0.001,0.03764423084033155
851,18,0.04179591836734694,0.0375181416325979
852,18,0.08259183673469388,0.03536753855062748
853,18,0.12338775510204081,0.036627922553450376
854,18,0.16418367346938775,0.03450103143465921
855,18,0.2049795918367347,0.0354766288362366
856,18,0.24577551020408162,0.03215044286860734
857,18,0.2865714285714286,0.03404186066599633
858,18,0.3273673469387755,0.03206285869365213
859,18,0.3681632653061224,0.03325028412303052
860,18,0.4089591836734694,0.0322735337334897
861,18,0.4497551020408163,0.0314398485908844
862,18,0.49055102040816323,0.03180423597220947
863,18,0.5313469387755102,0.03575315771255279
864,18,0.5721428571428572,0.0322247863622912
865,18,0.612938775510204,0.0314976541843364
866,18,0.653734693877551,0.03072300191126749
867,18,0.694530612244898,0.030911724503478687
868,18,0.7353265306122448,0.030035664285083856
869,18,0.7761224489795918,0.030856917614984325
870,18,0.8169183673469388,0.03027072781520937
871,18,0.8577142857142857,0.032069627368704126
872,18,0.8985102040816326,0.031708943956946456
873,18,0.9393061224489796,0.03215560838510549
874,18,0.9801020408163265,0.03576922553234381
875,18,1.0208979591836733,0.037616135281849414
876,18,1.0616938775510203,0.0561861874627594
877,18,1.1024897959183673,0.08461134517727319
878,18,1.1432857142857142,0.10725631738812443
879,18,1.184081632653061,0.1293312343828507
880,18,1.224877551020408,0.15575098516907007
881,18,1.265673469387755,0.1710546170807756
882,18,1.306469387755102,0.19252354313210768
883,18,1.3472653061224489,0.2118921928021631
884,18,1.3880612244897959,0.23090277967770337
885,18,1.4288571428571428,0.23686424822523247
886,18,1.4696530612244896,0.24985128406481955
887,18,1.5104489795918365,0.2635497643438226
888,18,1.5512448979591835,0.28024314430341885
889,18,1.5920408163265305,0.2886771940855781
890,18,1.6328367346938775,0.2961087299912021
891,18,1.6736326530612244,0.3064524584852827
892,18,1.7144285714285712,0.31588976571496447
893,18,1.7552244897959182,0.32043254224923173
894,18,1.7960204081632651,0.3307809232026532
895,18,1.836816326530612,0.3309588185040253
896,18,1.877612244897959,0.3426331006787096
897,18,1.918408163265306,0.34495045796125245
898,18,1.9592040816326528,0.3572860212542356
899,18,2.0,0.3625915855451788
900,19,0.001,0.04076400434761225
901,19,0.04179591836734694,0.03971794917301495
902,19,0.08259183673469388,0.036017670181333325
903,19,0.12338775510204081,0.036331839077168776
904,19,0.16418367346938775,0.03563234800047181
905,19,0.2049795918367347,0.03558825418852472
906,19,0.24577551020408162,0.03399493727302565
907,19,0.2865714285714286,0.03322534685104921
908,19,0.3273673469387755,0.03612539361067078
909,19,0.3681632653061224,0.03491045314976591
910,19,0.4089591836734694,0.033219640445459234
911,19,0.4497551020408163,0.03222637404697413
912,19,0.49055102040816323,0.034765542544631226
913,19,0.5313469387755102,0.0311020668915294
914,19,0.5721428571428572,0.03138836181168388
915,19,0.612938775510204,0.03226056193823974
916,19,0.653734693877551,0.03242688231153602
917,19,0.694530612244898,0.03282281382091468
918,19,0.7353265306122448,0.0317906995648903
919,19,0.7761224489795918,0.0313431965223325
920,19,0.8169183673469388,0.030838965616681535
921,19,0.8577142857142857,0.03137198681201566
922,19,0.8985102040816326,0.03264733462820244
923,19,0.9393061224489796,0.03483983089615195
924,19,0.9801020408163265,0.03359255005870191
925,19,1.0208979591836733,0.03777644319877107
926,19,1.0616938775510203,0.060268284769714554
927,19,1.1024897959183673,0.08565904226546811
928,19,1.1432857142857142,0.1132394248114991
929,19,1.184081632653061,0.133965464708552
930,19,1.224877551020408,0.1520257242883422
931,19,1.265673469387755,0.17688768480358955
932,19,1.306469387755102,0.19443337108772665
933,19,1.3472653061224489,0.21787422033302203
934,19,1.3880612244897959,0.2272899708834502
935,19,1.4288571428571428,0.23985199135136998
936,19,1.4696530612244896,0.25621176555527386
937,19,1.5104489795918365,0.2635551114339495
938,19,1.5512448979591835,0.2763063007555045
939,19,1.5920408163265305,0.2890559763646846
940,19,1.6328367346938775,0.2932908561089333
941,19,1.6736326530612244,0.2993620292549911
942,19,1.7144285714285712,0.3171091287887864
943,19,1.7552244897959182,0.32056554950367666
944,19,1.7960204081632651,0.3326810619039432
945,19,1.836816326530612,0.3322781986563531
946,19,1.877612244897959,0.33895497174731604
947,19,1.918408163265306,0.35103561557815655
948,19,1.9592040816326528,0.35609485124851625
949,19,2.0,0.36315547402458803
